method,progress,in_mb,out_mb,last_group_mb,elapsed_s,speed_mbps,groups,rows,compression_ratio
dictionary,0.2,129.6,28.5,28.5,4.0,32.1,1,150527,0.2199074074074074
dictionary,0.3,259.4,56.6,28.1,7.3,35.4,2,301434,0.21819583654587513
dictionary,0.5,389.2,84.5,27.9,10.1,38.7,3,452899,0.2171120246659815
dictionary,0.7,519.3,126.1,41.6,12.9,40.1,4,615282,0.24282688234161373
dictionary,0.8,649.7,173.3,47.2,16.1,40.5,5,791864,0.26673849468985683
dictionary,1.0,780.2,220.0,46.7,19.1,40.8,6,969778,0.28197897974878233
dictionary,1.2,910.7,266.0,46.0,22.2,41.0,7,1149029,0.2920830130668716
dictionary,1.3,1037.7,325.7,59.8,25.2,41.2,8,1305745,0.3138672063216729
dictionary,1.5,1163.8,400.4,74.6,27.4,42.5,9,1426871,0.3440453686200378
dictionary,1.7,1293.9,441.9,41.5,29.3,44.1,10,1596757,0.3415256202179457
dictionary,1.8,1423.6,486.3,44.4,31.3,45.4,11,1763625,0.3415987636976679
dictionary,2.0,1553.1,520.6,34.3,33.2,46.8,12,1937322,0.3352005666087181
dictionary,2.2,1682.3,558.9,38.3,35.1,47.9,13,2113895,0.3322237413065446
dictionary,2.3,1811.1,618.7,59.8,37.0,49.0,14,2271874,0.3416155927336978
dictionary,2.5,1940.0,678.8,60.2,38.9,49.9,15,2429830,0.3498969072164948
dictionary,2.7,2069.0,739.4,60.6,40.8,50.7,16,2588042,0.3573707104881585
dictionary,2.8,2197.8,798.9,59.4,42.7,51.4,17,2746475,0.36349986349986346
dictionary,3.0,2326.8,858.8,60.0,44.6,52.1,18,2905075,0.3690905965274196
dictionary,3.2,2455.7,916.6,57.8,46.4,52.9,19,3055790,0.3732540619782547
dictionary,3.3,2584.6,984.6,68.0,48.0,53.9,20,3174929,0.3809486961231912
dictionary,3.5,2713.6,1049.9,65.3,49.4,54.9,21,3300400,0.38690300707547176
dictionary,3.7,2842.1,1097.7,47.8,51.4,55.3,22,3469943,0.3862284930157278
dictionary,3.8,2969.7,1139.0,41.3,53.5,55.6,23,3668942,0.38354042495875007
dictionary,4.0,3098.8,1183.7,44.7,55.4,56.0,24,3841573,0.38198657544856074
dictionary,4.2,3227.2,1219.4,35.7,57.1,56.5,25,3995800,0.37785076846802185
dictionary,4.3,3355.9,1257.5,38.1,58.9,57.0,26,4154450,0.3747131916922435
dictionary,4.5,3484.7,1300.0,42.6,60.8,57.4,27,4325856,0.37305937383418947
dictionary,4.7,3613.1,1338.7,38.6,62.6,57.8,28,4497694,0.37051285599623596
dictionary,4.8,3741.4,1377.0,38.3,64.4,58.1,29,4667532,0.3680440476826856
dictionary,5.0,3869.8,1415.7,38.7,66.2,58.5,30,4838815,0.36583285957930645
dictionary,5.2,3998.2,1454.0,38.3,68.0,58.8,31,5008540,0.3636636486418889
dictionary,5.3,4126.6,1492.5,38.5,69.8,59.2,32,5179393,0.36167789463480826
dictionary,5.5,4255.0,1531.0,38.4,71.6,59.4,33,5349350,0.3598119858989424
dictionary,5.7,4383.6,1569.2,38.2,73.4,59.7,34,5519518,0.3579706177570946
dictionary,5.8,4512.1,1607.8,38.6,75.2,60.0,35,5690235,0.35633075508078277
dictionary,6.0,4640.7,1646.2,38.4,77.0,60.3,36,5860749,0.35473096731096604
dictionary,6.2,4769.2,1684.7,38.5,78.8,60.5,37,6031073,0.3532458273924348
dictionary,6.3,4897.8,1722.9,38.3,80.6,60.7,38,6202570,0.3517701825309323
dictionary,6.5,5026.3,1761.3,38.4,82.4,61.0,39,6372801,0.3504168075920657
dictionary,6.7,5154.9,1799.9,38.6,84.2,61.2,40,6542961,0.34916293235562285
dictionary,6.8,5283.6,1838.7,38.8,86.0,61.4,41,6713395,0.348001362707245
dictionary,7.0,5412.3,1877.3,38.7,87.8,61.6,42,6883637,0.3468580825157511
dictionary,7.2,5541.0,1915.9,38.5,89.7,61.8,43,7053668,0.34576791192925466
dictionary,7.3,5669.7,1954.4,38.5,91.5,62.0,44,7223545,0.3447095966276876
dictionary,7.5,5798.4,1993.1,38.7,93.3,62.1,45,7393847,0.3437327538631347
dictionary,7.7,5927.2,2031.6,38.5,95.2,62.3,46,7564716,0.3427588068565258
dictionary,7.8,6056.1,2070.3,38.7,97.0,62.4,47,7735989,0.34185366820230845
dictionary,8.0,6184.9,2109.1,38.8,98.8,62.6,48,7907182,0.34100793868938867
dictionary,8.2,6313.7,2148.6,39.5,100.6,62.8,49,8078642,0.34030758509273484
dictionary,8.3,6442.1,2186.9,38.3,102.4,62.9,50,8249907,0.339470048586641
dictionary,8.5,6570.6,2225.7,38.8,104.2,63.0,51,8420487,0.3387361884759382
dictionary,8.7,6699.1,2264.0,38.2,106.0,63.2,52,8591446,0.33795584481497515
dictionary,8.8,6827.7,2302.6,38.6,107.9,63.3,53,8763276,0.33724387421825797
dictionary,9.0,6956.3,2341.4,38.8,109.7,63.4,54,8934368,0.33658697870994636
dictionary,9.2,7084.9,2379.7,38.3,111.5,63.6,55,9104845,0.33588335756326837
dictionary,9.3,7213.6,2418.2,38.5,113.3,63.7,56,9275908,0.33522790285017184
dictionary,9.5,7342.4,2456.6,38.4,115.1,63.8,57,9447405,0.3345772499455219
dictionary,9.7,7471.3,2495.3,38.6,116.9,63.9,58,9620087,0.3339847148421292
dictionary,9.8,7600.0,2532.9,37.6,118.8,64.0,59,9796902,0.3332763157894737
dictionary,10.0,7728.8,2566.1,33.2,120.7,64.0,60,9971669,0.3320179070489597
dictionary,10.2,7857.3,2604.4,38.4,122.7,64.1,61,10154001,0.3314624616598577
dictionary,10.3,7986.2,2639.2,34.8,124.7,64.1,62,10340595,0.3304700608549748
dictionary,10.5,8115.0,2666.5,27.3,126.7,64.0,63,10536022,0.3285890326555761
dictionary,10.7,8243.8,2694.2,27.7,128.8,64.0,64,10732209,0.326815303622116
dictionary,10.8,8372.6,2721.6,27.5,130.8,64.0,65,10928000,0.32506031579198813
dictionary,11.0,8501.8,2751.9,30.2,132.6,64.1,66,11106240,0.323684396245501
dictionary,11.2,8631.0,2779.5,27.7,134.4,64.2,67,11285277,0.32203684393465415
dictionary,11.3,8760.7,2807.3,27.8,136.2,64.3,68,11462824,0.3204424303993973
dictionary,11.5,8890.2,2843.7,36.4,138.2,64.3,69,11644119,0.3198690693122764
dictionary,11.7,9020.2,2880.9,37.2,140.0,64.4,70,11808076,0.3193831622358706
dictionary,11.8,9150.5,2918.2,37.3,141.8,64.5,71,11979958,0.31891153488880386
dictionary,12.0,9280.8,2958.2,40.0,143.7,64.6,72,12155178,0.3187440737867425
dictionary,12.2,9411.2,2998.8,40.7,145.6,64.6,73,12327522,0.3186416184971098
dictionary,12.3,9541.5,3038.0,39.2,147.5,64.7,74,12499199,0.3183985746475921
dictionary,12.5,9672.1,3077.7,39.7,149.6,64.7,75,12669557,0.31820390608037546
dictionary,12.7,9802.4,3116.1,38.4,151.5,64.7,76,12838244,0.31789153676650617
dictionary,12.8,9932.9,3155.1,39.0,153.5,64.7,77,13007381,0.31764137361696987
dictionary,13.0,10063.0,3194.2,39.1,155.5,64.7,78,13176923,0.31742025240981814
dictionary,13.2,10193.0,3232.4,38.2,157.5,64.7,79,13346070,0.3171195918767782
dictionary,13.3,10323.1,3270.7,38.3,159.5,64.7,80,13515271,0.3168331218335577
dictionary,13.5,10453.3,3308.9,38.1,161.5,64.7,81,13684711,0.3165411879502167
dictionary,13.7,10583.6,3346.9,38.1,163.5,64.7,82,13854448,0.3162345515703541
dictionary,13.8,10713.9,3385.1,38.2,165.4,64.8,83,14024253,0.3159540410121431
dictionary,14.0,10844.3,3423.9,38.8,167.4,64.8,84,14193957,0.31573268906245683
dictionary,14.2,10974.8,3462.5,38.6,169.3,64.8,85,14363693,0.31549549877902106
dictionary,14.4,11105.3,3502.4,39.9,171.1,64.9,86,14534169,0.31538094423383434
dictionary,14.5,11234.9,3547.1,44.7,173.2,64.9,87,14718490,0.31572154625319315
dictionary,14.7,11364.6,3584.9,37.8,175.2,64.9,88,14898049,0.31544445031061363
dictionary,14.9,11493.8,3624.4,39.5,177.2,64.9,89,15069065,0.31533522420783383
dictionary,15.0,11623.3,3657.4,33.0,179.2,64.9,90,15256841,0.3146610687154251
dictionary,15.2,11753.1,3683.5,26.1,181.1,64.9,91,15452368,0.3134066756855638
dictionary,15.4,11882.6,3712.6,29.1,183.1,64.9,92,15637606,0.3124400383754397
dictionary,15.5,12011.9,3743.5,31.0,185.0,64.9,93,15826473,0.31164928112954654
dictionary,15.7,12140.8,3769.7,26.2,186.9,64.9,94,16019781,0.3104984844491302
dictionary,15.9,12269.9,3800.0,30.3,189.0,64.9,95,16213787,0.309700975558073
dictionary,16.0,12398.5,3827.2,27.2,190.8,65.0,96,16393922,0.3086825019155543
dictionary,16.2,12526.9,3847.1,20.0,192.6,65.1,97,16568524,0.30710710550894477
dictionary,16.4,12655.3,3866.8,19.6,194.4,65.1,98,16743037,0.3055478732230765
dictionary,16.5,12784.6,3897.9,31.1,196.2,65.2,99,16917240,0.30489025859236896
dictionary,16.7,12913.8,3934.7,36.8,198.1,65.2,100,17093401,0.3046895569081138
dictionary,16.9,13043.3,3967.1,32.5,200.1,65.2,101,17289824,0.3041484900293637
dictionary,17.0,13172.5,3996.5,29.4,202.2,65.1,102,17499775,0.30339722907572597
dictionary,17.2,13301.7,4026.1,29.6,204.2,65.1,103,17684649,0.30267559785591314
dictionary,17.4,13430.5,4069.0,42.9,206.1,65.2,104,17856052,0.30296712706153905
dictionary,17.5,13559.3,4114.5,45.6,208.0,65.2,105,18014746,0.30344486809791066
dictionary,17.7,13689.2,4157.5,43.0,209.9,65.2,106,18194751,0.3037065716038921
dictionary,17.9,13819.4,4194.2,36.7,211.8,65.2,107,18385028,0.3035008755807054
dictionary,18.0,13948.8,4239.9,45.7,213.5,65.3,108,18534169,0.3039616311080523
dictionary,18.2,14077.8,4278.8,38.9,215.5,65.3,109,18717007,0.3039395360070466
dictionary,18.4,14206.7,4311.8,33.0,217.5,65.3,110,18910525,0.30350468440946876
dictionary,18.5,14336.1,4345.2,33.4,219.4,65.4,111,19098545,0.3030949839914621
dictionary,18.7,14465.5,4377.9,32.7,221.2,65.4,112,19272947,0.3026442224603366
dictionary,18.9,14594.9,4410.3,32.5,223.0,65.4,113,19456067,0.30218089880711757
dictionary,19.0,14725.6,4441.1,30.8,225.1,65.4,114,19665435,0.30159042755473464
dictionary,19.2,14856.4,4471.6,30.5,227.3,65.4,115,19875583,0.3009881263293934
dictionary,19.4,14987.2,4501.9,30.3,229.4,65.3,116,20086306,0.3003829934877762
dictionary,19.5,15117.9,4533.0,31.1,231.6,65.3,117,20295781,0.29984323219494774
dictionary,19.7,15248.7,4563.9,30.8,233.6,65.3,118,20506028,0.29929764504515133
dictionary,19.9,15379.1,4594.5,30.6,235.7,65.2,119,20716116,0.298749601732221
dictionary,20.0,15509.6,4625.5,30.9,237.8,65.2,120,20927598,0.29823464177025844
dictionary,20.2,15639.6,4661.5,36.1,239.8,65.2,121,21126386,0.2980574950766004
dictionary,20.4,15769.1,4698.8,37.3,241.8,65.2,122,21307583,0.297975153940301
dictionary,20.5,15900.3,4731.4,32.6,243.9,65.2,123,21510749,0.2975667125777501
dictionary,20.7,16031.4,4760.0,28.6,245.9,65.2,124,21718404,0.29691729979914416
dictionary,20.9,16162.6,4788.0,28.0,248.0,65.2,125,21925299,0.2962394664224815
dictionary,21.1,16293.7,4816.6,28.6,250.1,65.2,126,22132368,0.29561118714595214
dictionary,21.2,16424.9,4845.2,28.6,252.2,65.1,127,22339374,0.29499114149857836
dictionary,21.4,16556.2,4873.8,28.6,254.3,65.1,128,22546268,0.29437914497288026
dictionary,21.6,16687.6,4902.4,28.6,256.3,65.1,129,22753372,0.2937750185766677
dictionary,21.7,16819.0,4930.7,28.4,258.4,65.1,130,22960569,0.29316249479755035
dictionary,21.9,16950.4,4959.4,28.6,260.5,65.1,131,23167716,0.2925830658863507
dictionary,22.1,17081.8,4987.8,28.4,262.6,65.0,132,23374858,0.2919949888185086
dictionary,22.2,17213.2,5016.3,28.5,264.7,65.0,133,23582426,0.2914216996258685
dictionary,22.4,17344.6,5044.5,28.2,266.8,65.0,134,23789779,0.2908398002836618
dictionary,22.6,17475.9,5072.9,28.4,268.9,65.0,135,23997093,0.2902797566935036
dictionary,22.8,17607.3,5101.4,28.5,270.9,65.0,136,24204629,0.28973209975407926
dictionary,22.9,17738.6,5130.0,28.6,273.1,65.0,137,24412305,0.2891998241123877
dictionary,23.1,17870.0,5157.8,27.8,275.2,64.9,138,24619927,0.28862898712926693
dictionary,23.3,18001.3,5186.1,28.3,277.3,64.9,139,24827619,0.288095859743463
dictionary,23.4,18132.7,5214.3,28.2,279.3,64.9,140,25035415,0.28756335239649916
dictionary,23.6,18263.9,5244.7,30.4,281.4,64.9,141,25242268,0.28716210666944075
dictionary,23.8,18393.5,5290.1,45.4,283.3,64.9,142,25419046,0.28760703509391905
dictionary,23.9,18523.5,5337.2,47.0,285.2,64.9,143,25590085,0.28813129268226845
dictionary,24.1,18653.7,5383.8,46.6,287.1,65.0,144,25761068,0.28861834381382784
dictionary,24.3,18783.1,5425.0,41.2,289.1,65.0,145,25941642,0.28882346364551115
dictionary,24.4,18912.3,5458.0,33.0,291.1,65.0,146,26125959,0.2885952528248812
dictionary,24.6,19041.8,5491.2,33.2,293.0,65.0,147,26310247,0.2883760988982134
delta_length,0.2,129.6,67.8,67.8,2.2,60.2,1,150527,0.5231481481481481
delta_length,0.3,259.4,135.2,67.4,4.2,62.1,2,301434,0.5212027756360833
delta_length,0.5,389.2,202.6,67.4,5.9,66.5,3,452899,0.5205549845837616
delta_length,0.7,519.3,278.2,75.6,7.6,68.4,4,615282,0.5357211631041787
delta_length,0.8,649.7,366.9,88.7,9.6,67.7,5,791864,0.5647221794674464
delta_length,1.0,780.2,455.6,88.7,11.5,68.0,6,969778,0.5839528326070238
delta_length,1.2,910.7,543.8,88.2,13.3,68.3,7,1149029,0.5971230921269353
delta_length,1.3,1037.7,633.0,89.2,15.0,69.0,8,1305745,0.6100028910089621
delta_length,1.5,1163.8,731.6,98.6,16.5,70.5,9,1426871,0.628630348857192
delta_length,1.7,1293.9,825.1,93.5,18.4,70.2,10,1596757,0.637684519669217
delta_length,1.8,1423.6,914.8,89.7,20.3,70.1,11,1763625,0.6425962348974431
delta_length,2.0,1553.1,990.6,75.8,22.1,70.2,12,1937322,0.637821131929689
delta_length,2.2,1682.3,1068.1,77.5,24.0,70.2,13,2113895,0.6349045948998394
delta_length,2.3,1811.1,1162.8,94.8,25.8,70.3,14,2271874,0.6420407487162498
delta_length,2.5,1940.0,1257.8,95.0,27.6,70.4,15,2429830,0.6483505154639175
delta_length,2.7,2069.0,1352.8,95.0,29.3,70.5,16,2588042,0.6538424359594006
delta_length,2.8,2197.8,1447.4,94.6,31.2,70.5,17,2746475,0.6585676585676585
delta_length,3.0,2326.8,1542.2,94.8,32.9,70.7,18,2905075,0.6627986934846141
delta_length,3.2,2455.7,1637.6,95.4,34.6,71.0,19,3055790,0.6668567007370607
delta_length,3.3,2584.6,1737.8,100.1,36.1,71.6,20,3174929,0.672367097423199
delta_length,3.5,2713.6,1836.5,98.7,37.5,72.3,21,3300400,0.6767762382075472
delta_length,3.7,2842.1,1930.7,94.2,39.4,72.1,22,3469943,0.6793216283733859
delta_length,3.8,2969.7,2019.4,88.7,41.4,71.7,23,3668942,0.6800013469374011
delta_length,4.0,3098.8,2109.6,90.2,43.3,71.6,24,3841573,0.6807796566412804
delta_length,4.2,3227.2,2197.2,87.6,45.0,71.6,25,3995800,0.6808378780366882
delta_length,4.3,3355.9,2286.3,89.1,46.9,71.6,26,4154450,0.6812777496349712
delta_length,4.5,3484.7,2373.0,86.7,48.7,71.5,27,4325856,0.6809768416219474
delta_length,4.7,3613.1,2455.1,82.0,50.5,71.5,28,4497694,0.6794995986825717
delta_length,4.8,3741.4,2536.0,81.0,52.3,71.5,29,4667532,0.677821136472978
delta_length,5.0,3869.8,2617.6,81.6,54.1,71.5,30,4838815,0.6764173859114165
delta_length,5.2,3998.2,2698.9,81.3,55.9,71.5,31,5008540,0.6750287629433246
delta_length,5.3,4126.6,2780.3,81.4,57.7,71.5,32,5179393,0.6737507875733049
delta_length,5.5,4255.0,2861.7,81.4,59.5,71.5,33,5349350,0.6725499412455934
delta_length,5.7,4383.6,2942.4,80.8,61.3,71.5,34,5519518,0.6712291267451409
delta_length,5.8,4512.1,3023.8,81.3,63.1,71.5,35,5690235,0.6701535870215642
delta_length,6.0,4640.7,3105.2,81.5,64.9,71.5,36,5860749,0.6691231926218028
delta_length,6.2,4769.2,3186.7,81.4,66.7,71.5,37,6031073,0.6681833431183427
delta_length,6.3,4897.8,3267.9,81.3,68.5,71.5,38,6202570,0.6672179345828739
delta_length,6.5,5026.3,3349.3,81.4,70.3,71.5,39,6372801,0.6663549728428466
delta_length,6.7,5154.9,3430.7,81.4,72.1,71.5,40,6542961,0.6655221245804962
delta_length,6.8,5283.6,3512.4,81.7,73.8,71.6,41,6713395,0.6647740177151942
delta_length,7.0,5412.3,3593.9,81.6,75.7,71.5,42,6883637,0.6640245367034348
delta_length,7.2,5541.0,3675.5,81.6,77.5,71.5,43,7053668,0.6633279191481682
delta_length,7.3,5669.7,3756.9,81.4,79.3,71.5,44,7223545,0.6626276522567331
delta_length,7.5,5798.4,3838.8,81.9,81.1,71.5,45,7393847,0.662044701986755
delta_length,7.7,5927.2,3920.4,81.5,82.9,71.5,46,7564716,0.6614252935618842
delta_length,7.8,6056.1,4002.3,82.0,84.7,71.5,47,7735989,0.6608708574825383
delta_length,8.0,6184.9,4084.2,81.9,86.5,71.5,48,7907182,0.6603502077640706
delta_length,8.2,6313.7,4166.5,82.3,88.3,71.5,49,8078642,0.6599141549329237
delta_length,8.3,6442.1,4247.5,81.0,90.1,71.5,50,8249907,0.6593346889989289
delta_length,8.5,6570.6,4328.7,81.2,91.9,71.5,51,8420487,0.6587982832618026
delta_length,8.7,6699.1,4409.8,81.1,93.7,71.5,52,8591446,0.6582675284739741
delta_length,8.8,6827.7,4491.2,81.3,95.5,71.5,53,8763276,0.6577910570177365
delta_length,9.0,6956.3,4572.7,81.5,97.3,71.5,54,8934368,0.6573465779221712
delta_length,9.2,7084.9,4653.7,81.0,99.1,71.5,55,9104845,0.656847661928891
delta_length,9.3,7213.6,4735.0,81.3,100.9,71.5,56,9275908,0.6563990240656538
delta_length,9.5,7342.4,4816.8,81.8,102.8,71.4,57,9447405,0.6560252778383091
delta_length,9.7,7471.3,4898.7,81.9,104.6,71.4,58,9620087,0.6556690268092568
delta_length,9.8,7600.0,4990.2,91.4,106.5,71.3,59,9796902,0.6566052631578947
delta_length,10.0,7728.8,5074.5,84.3,108.6,71.2,60,9971669,0.6565702308249663
delta_length,10.2,7857.3,5162.7,88.2,110.5,71.1,61,10154001,0.6570577679355504
delta_length,10.3,7986.2,5248.2,85.5,112.5,71.0,62,10340595,0.6571585985825549
delta_length,10.5,8115.0,5327.1,79.0,114.4,70.9,63,10536022,0.6564510166358596
delta_length,10.7,8243.8,5405.9,78.7,116.4,70.8,64,10732209,0.6557534146874014
delta_length,10.8,8372.6,5484.9,79.0,118.4,70.7,65,10928000,0.6551011633184434
delta_length,11.0,8501.8,5563.2,78.3,120.3,70.7,66,11106240,0.6543555482368439
delta_length,11.2,8631.0,5638.2,75.0,122.1,70.7,67,11285277,0.6532499131039277
delta_length,11.3,8760.7,5713.7,75.4,123.9,70.7,68,11462824,0.6521967422694532
delta_length,11.5,8890.2,5798.3,84.6,125.9,70.6,69,11644119,0.6522125486490742
delta_length,11.7,9020.2,5889.5,91.2,127.7,70.6,70,11808076,0.6529234385046894
delta_length,11.8,9150.5,5981.2,91.7,129.6,70.6,71,11979958,0.6536473416753182
delta_length,12.0,9280.8,6072.4,91.2,131.5,70.6,72,12155178,0.6542970433583312
delta_length,12.2,9411.2,6164.6,92.2,133.3,70.6,73,12327522,0.655028051683101
delta_length,12.3,9541.5,6256.5,91.9,135.2,70.6,74,12499199,0.6557145102971231
delta_length,12.5,9672.1,6348.9,92.4,137.1,70.6,75,12669557,0.6564138087902316
delta_length,12.7,9802.4,6441.5,92.6,138.9,70.6,76,12838244,0.6571349873500367
delta_length,12.8,9932.9,6534.1,92.6,140.8,70.6,77,13007381,0.657823999033515
delta_length,13.0,10063.0,6626.9,92.8,142.6,70.6,78,13176923,0.6585411904998509
delta_length,13.2,10193.0,6719.1,92.3,144.5,70.6,79,13346070,0.6591876778181105
delta_length,13.3,10323.1,6811.2,92.1,146.3,70.6,80,13515271,0.6598018037217502
delta_length,13.5,10453.3,6903.1,91.9,148.2,70.5,81,13684711,0.6603751925229354
delta_length,13.7,10583.6,6995.1,91.9,150.1,70.5,82,13854448,0.6609376771608905
delta_length,13.8,10713.9,7087.1,92.1,151.9,70.5,83,14024253,0.6614864801799532
delta_length,14.0,10844.3,7179.6,92.5,153.8,70.5,84,14193957,0.662062097138589
delta_length,14.2,10974.8,7272.0,92.4,155.7,70.5,85,14363693,0.662608885811131
delta_length,14.4,11105.3,7364.5,92.5,157.5,70.5,86,14534169,0.6631518284062565
delta_length,14.5,11234.9,7457.6,93.1,159.7,70.4,87,14718490,0.6637887297617246
delta_length,14.7,11364.6,7546.0,88.3,161.6,70.3,88,14898049,0.6639916935043908
delta_length,14.9,11493.8,7637.5,91.5,163.4,70.3,89,15069065,0.6644886808540257
delta_length,15.0,11623.3,7728.1,90.6,165.4,70.3,90,15256841,0.6648800254660897
delta_length,15.2,11753.1,7812.3,84.2,167.4,70.2,91,15452368,0.6647012277611865
delta_length,15.4,11882.6,7901.7,89.5,169.4,70.2,92,15637606,0.6649807281234746
delta_length,15.5,12011.9,7994.5,92.7,171.4,70.1,93,15826473,0.6655483312381888
delta_length,15.7,12140.8,8084.2,89.7,173.4,70.0,94,16019781,0.6658704533473906
delta_length,15.9,12269.9,8174.0,89.8,175.4,70.0,95,16213787,0.6661830984767603
delta_length,16.0,12398.5,8253.8,79.8,177.2,70.0,96,16393922,0.665709561640521
delta_length,16.2,12526.9,8326.5,72.7,179.0,70.0,97,16568524,0.6646895880066098
delta_length,16.4,12655.3,8398.3,71.8,180.8,70.0,98,16743037,0.6636191951198313
delta_length,16.5,12784.6,8483.2,84.9,182.7,70.0,99,16917240,0.66354833158644
delta_length,16.7,12913.8,8569.7,86.6,184.6,70.0,100,17093401,0.6636079233068501
delta_length,16.9,13043.3,8660.5,90.8,186.6,69.9,101,17289824,0.6639807410701279
delta_length,17.0,13172.5,8748.4,87.9,188.7,69.8,102,17499775,0.6641412032643765
delta_length,17.2,13301.7,8820.5,72.2,190.7,69.8,103,17684649,0.6631107302074171
delta_length,17.4,13430.5,8905.8,85.3,192.5,69.8,104,17856052,0.6631026395145377
delta_length,17.5,13559.3,8994.4,88.6,194.3,69.8,105,18014746,0.6633380779243766
delta_length,17.7,13689.2,9086.1,91.7,196.3,69.7,106,18194751,0.6637422201443474
delta_length,17.9,13819.4,9173.8,87.7,198.3,69.7,107,18385028,0.6638348987655035
delta_length,18.0,13948.8,9265.4,91.6,200.0,69.8,108,18534169,0.6642435191557697
delta_length,18.2,14077.8,9355.3,89.9,201.9,69.7,109,18717007,0.6645427552600548
delta_length,18.4,14206.7,9443.6,88.3,204.0,69.6,110,18910525,0.664728613963834
delta_length,18.5,14336.1,9529.3,85.7,205.9,69.6,111,19098545,0.6647065798927183
delta_length,18.7,14465.5,9614.5,85.3,207.7,69.6,112,19272947,0.6646503750302444
delta_length,18.9,14594.9,9706.3,91.8,209.6,69.6,113,19456067,0.6650473795640943
delta_length,19.0,14725.6,9796.0,89.6,211.7,69.6,114,19665435,0.6652360515021459
delta_length,19.2,14856.4,9885.5,89.5,213.8,69.5,115,19875583,0.6654034624808164
delta_length,19.4,14987.2,9975.0,89.5,215.9,69.4,116,20086306,0.6655679513184584
delta_length,19.5,15117.9,10065.0,90.0,218.0,69.3,117,20295781,0.6657670708233286
delta_length,19.7,15248.7,10155.1,90.0,220.1,69.3,118,20506028,0.6659649675054267
delta_length,19.9,15379.1,10244.4,89.3,222.2,69.2,119,20716116,0.6661248057428588
delta_length,20.0,15509.6,10334.0,89.6,224.3,69.1,120,20927598,0.6662970031464384
delta_length,20.2,15639.6,10424.6,90.6,226.4,69.1,121,21126386,0.6665515742090591
delta_length,20.4,15769.1,10514.8,90.2,228.4,69.0,122,21307583,0.6667977246640582
adaptive,0.2,129.6,28.5,28.5,4.0,32.2,1,150527,0.2199074074074074
adaptive,0.3,259.4,56.6,28.1,7.2,36.0,2,301434,0.21819583654587513
adaptive,0.5,389.2,84.5,27.9,9.1,43.0,3,452899,0.2171120246659815
adaptive,0.7,519.3,126.1,41.6,10.9,47.7,4,615282,0.24282688234161373
adaptive,0.8,649.7,173.3,47.2,12.8,50.8,5,791864,0.26673849468985683
adaptive,1.0,780.2,220.0,46.7,14.7,53.0,6,969778,0.28197897974878233
adaptive,1.2,910.7,266.0,46.0,16.6,54.8,7,1149029,0.2920830130668716
adaptive,1.3,1037.7,325.7,59.8,18.5,56.2,8,1305745,0.3138672063216729
adaptive,1.5,1163.8,401.6,75.9,19.9,58.5,9,1426871,0.3450764736208971
adaptive,1.7,1293.9,443.1,41.5,21.8,59.2,10,1596757,0.3424530489218641
adaptive,1.8,1423.6,487.5,44.4,23.9,59.7,11,1763625,0.34244169710592864
adaptive,2.0,1553.1,521.8,34.3,25.7,60.5,12,1937322,0.3359732148606014
adaptive,2.2,1682.3,560.1,38.3,27.6,61.0,13,2113895,0.3329370504666231
adaptive,2.3,1811.1,625.1,64.9,29.4,61.7,14,2271874,0.3451493567445199
adaptive,2.5,1940.0,690.3,65.2,31.2,62.1,15,2429830,0.3558247422680412
adaptive,2.7,2069.0,756.6,66.3,33.0,62.7,16,2588042,0.3656839052682455
adaptive,2.8,2197.8,821.4,64.8,34.9,63.0,17,2746475,0.3737373737373737
adaptive,3.0,2326.8,886.5,65.1,36.7,63.4,18,2905075,0.3809953584321815
adaptive,3.2,2455.7,953.9,67.4,38.4,63.9,19,3055790,0.38844321374760765
adaptive,3.3,2584.6,1022.0,68.0,39.9,64.8,20,3174929,0.39541902035131166
adaptive,3.5,2713.6,1087.2,65.3,41.4,65.5,21,3300400,0.4006485849056604
adaptive,3.7,2842.1,1135.0,47.8,43.4,65.5,22,3469943,0.3993525913936878
adaptive,3.8,2969.7,1176.3,41.3,45.4,65.4,23,3668942,0.396100616223861
adaptive,4.0,3098.8,1221.0,44.7,47.3,65.5,24,3841573,0.3940234929650187
adaptive,4.2,3227.2,1256.7,35.7,49.1,65.7,25,3995800,0.38940877540902336
adaptive,4.3,3355.9,1294.8,38.1,51.4,65.2,26,4154450,0.3858279448136118
adaptive,4.5,3484.7,1339.3,44.5,54.6,63.9,27,4325856,0.3843372456739461
adaptive,4.7,3613.1,1377.9,38.6,57.4,62.9,28,4497694,0.3813622650909192
adaptive,4.8,3741.4,1416.2,38.3,59.2,63.2,29,4667532,0.37852140909819854
adaptive,5.0,3869.8,1454.9,38.7,61.1,63.4,30,4838815,0.37596258204558375
adaptive,5.2,3998.2,1493.3,38.3,62.9,63.6,31,5008540,0.37349307188234704
adaptive,5.3,4126.6,1531.8,38.5,64.7,63.8,32,5179393,0.37120147336790577
adaptive,5.5,4255.0,1570.2,38.4,66.5,64.0,33,5349350,0.36902467685076384
adaptive,5.7,4383.6,1608.4,38.2,68.3,64.2,34,5519518,0.36691303951090426
adaptive,5.8,4512.1,1647.0,38.6,70.1,64.3,35,5690235,0.3650185057955275
adaptive,6.0,4640.7,1685.5,38.4,72.0,64.5,36,5860749,0.3631995173141983
adaptive,6.2,4769.2,1723.9,38.5,73.8,64.6,37,6031073,0.36146523525958235
adaptive,6.3,4897.8,1762.2,38.3,75.6,64.7,38,6202570,0.3597941933112826
adaptive,6.5,5026.3,1800.6,38.4,77.5,64.9,39,6372801,0.3582356803215088
adaptive,6.7,5154.9,1839.1,38.6,79.3,65.0,40,6542961,0.35676734757221285
adaptive,6.8,5283.6,1877.9,38.8,81.1,65.1,41,6713395,0.35542054659701716
adaptive,7.0,5412.3,1916.6,38.7,82.9,65.3,42,6883637,0.35411932080631153
adaptive,7.2,5541.0,1955.1,38.5,84.7,65.4,43,7053668,0.3528424472116946
adaptive,7.3,5669.7,1993.7,38.5,86.6,65.5,44,7223545,0.3516411803093638
adaptive,7.5,5798.4,2032.3,38.7,88.4,65.6,45,7393847,0.3504932395143488
adaptive,7.7,5927.2,2070.9,38.5,90.2,65.7,46,7564716,0.3493892563098934
adaptive,7.8,6056.1,2109.6,38.7,92.0,65.8,47,7735989,0.34834299301530686
adaptive,8.0,6184.9,2148.4,38.8,93.9,65.9,48,7907182,0.3473621238823587
adaptive,8.2,6313.7,2187.9,39.5,95.7,66.0,49,8078642,0.34653214438443386
adaptive,8.3,6442.1,2226.2,38.3,97.6,66.0,50,8249907,0.3455705437667841
adaptive,8.5,6570.6,2265.0,38.8,99.4,66.1,51,8420487,0.3447173774084558
adaptive,8.7,6699.1,2303.2,38.2,101.3,66.1,52,8591446,0.3438073771103581
adaptive,8.8,6827.7,2341.8,38.6,103.2,66.2,53,8763276,0.3429851926710313
adaptive,9.0,6956.3,2380.7,38.8,105.0,66.2,54,8934368,0.3422365337895145
adaptive,9.2,7084.9,2419.0,38.3,106.9,66.3,55,9104845,0.34143036598963994
adaptive,9.3,7213.6,2457.5,38.5,108.8,66.3,56,9275908,0.3406759454363979
adaptive,9.5,7342.4,2495.9,38.4,110.7,66.4,57,9447405,0.33992972325125304
adaptive,9.7,7471.3,2534.5,38.6,112.5,66.4,58,9620087,0.33923145904996455
adaptive,9.8,7600.0,2572.1,37.6,114.5,66.4,59,9796902,0.3384342105263158
adaptive,10.0,7728.8,2605.3,33.2,116.3,66.4,60,9971669,0.3370898457716593
adaptive,10.2,7857.3,2643.7,38.4,118.3,66.4,61,10154001,0.3364641798073129
adaptive,10.3,7986.2,2678.5,34.8,120.2,66.4,62,10340595,0.33539104956049187
adaptive,10.5,8115.0,2705.8,27.3,122.2,66.4,63,10536022,0.3334319162045595
adaptive,10.7,8243.8,2733.4,27.7,124.2,66.4,64,10732209,0.33157039229481555
adaptive,10.8,8372.6,2760.9,27.5,126.2,66.3,65,10928000,0.3297541982179968
adaptive,11.0,8501.8,2791.1,30.2,128.1,66.4,66,11106240,0.3282951845491543
adaptive,11.2,8631.0,2818.8,27.7,129.9,66.4,67,11285277,0.32659019812304485
adaptive,11.3,8760.7,2846.6,27.8,131.8,66.4,68,11462824,0.3249283733035031
adaptive,11.5,8890.2,2883.0,36.4,133.8,66.5,69,11644119,0.32428966727407704
adaptive,11.7,9020.2,2920.2,37.2,135.6,66.5,70,11808076,0.3237400501097536
adaptive,11.8,9150.5,2957.5,37.3,137.4,66.6,71,11979958,0.32320638216490905
adaptive,12.0,9280.8,2997.4,40.0,139.5,66.5,72,12155178,0.32296784759934494
adaptive,12.2,9411.2,3038.1,40.7,141.3,66.6,73,12327522,0.32281749404964294
adaptive,12.3,9541.5,3077.2,39.2,143.2,66.6,74,12499199,0.3225069433527223
adaptive,12.5,9672.1,3116.9,39.7,145.1,66.7,75,12669557,0.3222568004880016
adaptive,12.7,9802.4,3155.4,38.4,147.0,66.7,76,12838244,0.32190075899779647
adaptive,12.8,9932.9,3194.4,39.0,148.8,66.7,77,13007381,0.3215979220570025
adaptive,13.0,10063.0,3233.4,39.1,150.7,66.8,78,13176923,0.32131571102057044
adaptive,13.2,10193.0,3271.7,38.2,152.6,66.8,79,13346070,0.3209751790444422
adaptive,13.3,10323.1,3310.0,38.3,154.5,66.8,80,13515271,0.3206401177940735
adaptive,13.5,10453.3,3348.1,38.1,156.3,66.9,81,13684711,0.32029119990816296
adaptive,13.7,10583.6,3386.2,38.1,158.2,66.9,82,13854448,0.3199478438338561
adaptive,13.8,10713.9,3424.4,38.2,160.1,66.9,83,14024253,0.31962217306489704
adaptive,14.0,10844.3,3463.2,38.8,161.9,67.0,84,14193957,0.31935671274310007
adaptive,14.2,10974.8,3501.8,38.6,163.9,67.0,85,14363693,0.31907642963880894
adaptive,14.4,11105.3,3541.7,39.9,165.8,67.0,86,14534169,0.31891979505281265
adaptive,14.5,11234.9,3586.4,44.7,167.9,66.9,87,14718490,0.31921957471806606
adaptive,14.7,11364.6,3624.1,37.8,169.8,66.9,88,14898049,0.31889375780933776
adaptive,14.9,11493.8,3663.6,39.5,171.7,66.9,89,15069065,0.3187457585828882
adaptive,15.0,11623.3,3696.7,33.0,173.8,66.9,90,15256841,0.31804220832293756
adaptive,15.2,11753.1,3722.7,26.1,175.7,66.9,91,15452368,0.31674196594940907
adaptive,15.4,11882.6,3751.8,29.1,177.6,66.9,92,15637606,0.3157389796845808
adaptive,15.5,12011.9,3782.8,31.0,179.6,66.9,93,15826473,0.31492103663866666
adaptive,15.7,12140.8,3809.0,26.2,181.5,66.9,94,16019781,0.31373550342646284
adaptive,15.9,12269.9,3839.3,30.3,183.5,66.9,95,16213787,0.3129039356473973
adaptive,16.0,12398.5,3866.4,27.2,185.3,66.9,96,16393922,0.31184417469855225
adaptive,16.2,12526.9,3886.4,20.0,187.1,67.0,97,16568524,0.3102443541498695
adaptive,16.4,12655.3,3906.0,19.6,188.8,67.0,98,16743037,0.3086453896786327
adaptive,16.5,12784.6,3937.1,31.1,190.7,67.0,99,16917240,0.30795644760102
adaptive,16.7,12913.8,3973.9,36.8,192.6,67.1,100,17093401,0.307725069305704
adaptive,16.9,13043.3,4006.4,32.5,194.5,67.0,101,17289824,0.3071615312075932
adaptive,17.0,13172.5,4035.8,29.4,196.6,67.0,102,17499775,0.30638071740368195
adaptive,17.2,13301.7,4065.3,29.6,198.5,67.0,103,17684649,0.30562258959381133
adaptive,17.4,13430.5,4108.2,42.9,200.4,67.0,104,17856052,0.30588585681843566
adaptive,17.5,13559.3,4153.8,45.6,202.3,67.0,105,18014746,0.3063432478077777
adaptive,17.7,13689.2,4196.8,43.0,204.3,67.0,106,18194751,0.3065774479151448
adaptive,17.9,13819.4,4233.5,36.7,206.3,67.0,107,18385028,0.30634470382216306
adaptive,18.0,13948.8,4279.1,45.7,208.0,67.1,108,18534169,0.30677190869465476
adaptive,18.2,14077.8,4318.0,38.9,209.9,67.1,109,18717007,0.30672406199832364
adaptive,18.4,14206.7,4351.0,33.0,212.0,67.0,110,18910525,0.3062639458846882
adaptive,18.5,14336.1,4384.4,33.4,213.9,67.0,111,19098545,0.3058293399181088
adaptive,18.7,14465.5,4420.4,36.0,215.7,67.1,112,19272947,0.3055822474162663
adaptive,18.9,14594.9,4452.9,32.5,217.6,67.1,113,19456067,0.3050997266168319
adaptive,19.0,14725.6,4483.7,30.8,219.7,67.0,114,19665435,0.3044833487260281
adaptive,19.2,14856.4,4514.2,30.5,221.8,67.0,115,19875583,0.30385557739425434
adaptive,19.4,14987.2,4544.5,30.3,223.8,67.0,116,20086306,0.303225419024234
adaptive,19.5,15117.9,4575.6,31.1,225.9,66.9,117,20295781,0.30266108388069773
adaptive,19.7,15248.7,4606.5,30.8,228.0,66.9,118,20506028,0.30209132581793857
adaptive,19.9,15379.1,4637.1,30.6,230.1,66.8,119,20716116,0.30151959477472673
adaptive,20.0,15509.6,4668.1,30.9,232.3,66.8,120,20927598,0.30098132769381547
adaptive,20.2,15639.6,4704.1,36.1,234.3,66.8,121,21126386,0.30078134990664723
adaptive,20.4,15769.1,4741.4,37.3,236.3,66.7,122,21307583,0.3006766397575004
adaptive,20.5,15900.3,4774.0,32.6,238.4,66.7,123,21510749,0.300245907309925
